1574667745.000000, 1574667745.000000, 1574667745.000000
32.000000, 32.000000, 32.000000
-46,10,15
-53,12,15
-71,8,11
-66,13,15
-61,19,17
-55,16,16
-63,16,15
-62,12,18
-60,12,16
-63,15,16
-61,15,16
-57,16,16
-62,14,13
-64,15,14
-61,13,14
-64,15,14
-58,15,13
-61,17,9
-68,18,16
-70,17,10
-64,15,11
-61,16,10
-61,17,10
-60,15,10
-65,16,11
-64,15,11
-61,14,9
-61,15,9
-66,17,9
-64,17,10
-65,16,10
-60,15,9
-62,16,9
-65,16,10
-64,16,10
-60,16,9
-62,15,10
-64,17,14
-61,17,11
-60,18,10
-56,18,12
-60,18,10
-67,17,11
-67,15,12
-65,15,11
-61,14,9
-60,13,9
-63,15,11
-64,17,12
-62,17,12
-62,18,10
-62,18,10
-60,16,11
-62,16,11
-64,18,12
-61,17,11
-61,18,11
-62,18,11
-62,19,12
-61,18,11
-62,19,11
-62,19,11
-63,17,11
-63,17,10
-59,18,13
-60,18,12
-63,19,12
-67,20,10
-62,19,11
-58,18,13
-59,17,13
-63,15,9
-64,17,11
-52,21,19
-70,19,8
-65,19,9
-58,17,12
-59,18,13
-62,17,12
-63,17,9
-64,18,11
-60,21,11
-59,21,10
-61,22,9
-62,21,10
-61,20,8
-59,20,9
-61,20,8
-60,20,9
-58,20,8
-58,19,6
-57,20,3
-67,22,1
-75,20,-8
-74,19,-12
-80,23,-11
-88,22,-8
-34,28,17
-46,23,17
-77,13,-14
-38,16,16
-31,25,28
-57,19,13
-65,17,4
-88,23,-11
-40,19,17
-28,22,21
-63,26,18
-69,32,21
-60,36,10
-57,32,4
-51,29,3
-32,24,-5
-53,27,-19
-68,25,-18
-60,27,-28
-52,33,-28
-65,34,-32
-51,37,-34
-48,35,-31
-62,37,-37
-47,40,-29
-45,40,-25
-55,33,-31
-49,27,-40
-42,28,-32
-52,28,-24
-55,29,-32
-53,30,-29
-50,29,-25
-52,29,-31
-47,31,-31
-48,34,-28
-48,38,-25
-53,38,-26
-59,36,-24
-52,35,-21
-40,35,-12
-51,38,-11
-60,37,-22
-63,38,-25
-57,36,-18
-52,36,-11
-38,35,-7
-39,35,-8
-57,35,-18
-55,34,-17
-59,28,-21
-64,26,-26
-61,25,-29
-52,29,-21
-47,32,-17
-50,39,-17
-52,42,-17
-49,42,-16
-48,39,-14
-49,39,-12
-54,40,-14
-54,42,-9
-45,40,-7
-44,42,-9
-43,43,-7
-45,43,-5
-42,46,-2
-40,48,1
-40,49,1
-31,53,3
-33,56,2
-26,62,12
-26,68,16
-26,71,16
-27,73,14
-27,72,12
-26,70,11
-25,66,11
-24,65,10
-24,62,9
-24,61,9
-25,60,8
-25,59,8
-25,59,9
-24,61,9
-24,61,10
-24,62,11
-23,63,12
-22,62,13
-21,62,13
-20,62,13
-21,62,14
-21,60,14
-19,59,13
-20,59,13
-21,59,12
-22,58,13
-22,59,13
-23,62,13
-24,63,13
-24,62,13
-24,61,13
-23,61,13
-22,62,12
-23,63,12
-23,62,12
-24,62,11
-23,62,11
-23,61,11
-23,61,11
-23,61,11
-22,60,11
-22,60,11
-22,60,12
-23,61,12
-22,61,13
-22,61,13
-22,61,13
-22,61,13
-21,61,14
-22,61,14
-21,61,13
-21,61,13
-22,61,12
-22,61,13
-22,61,12
-22,61,11
-23,61,11
-24,61,11
-23,60,11
-22,59,11
-22,61,11
-22,61,11
-24,62,10
-26,61,11
-25,60,11
-22,60,13
-22,61,14
-23,61,12
-24,62,11
-24,62,11
-25,61,12
-23,61,12
-21,61,12
-21,61,13
-23,62,12
-23,61,11
-23,61,11
-23,61,11
-23,61,11
-23,61,11
-23,61,12
-23,61,11
-23,61,11
-23,61,11
-23,61,11
-24,61,11
-23,60,11
-22,60,11
-22,62,12
-21,62,12
-21,61,11
-23,61,11
-24,61,10
-23,61,11
-21,61,12
-22,61,12
-24,61,11
-24,61,11
-24,61,12
-23,61,12
-23,62,12
-24,61,11
-23,61,12
-23,61,11
-23,61,11
-23,62,11
-23,61,11
-23,61,11
-22,61,12
-23,61,12
-23,61,11
-23,61,12
-22,61,12
-23,61,11
-23,61,11
-23,61,11
-23,61,11
-23,61,11
-23,61,11
-23,61,11
-23,61,11
-23,61,11
-23,61,11
-23,61,12
-23,61,12
-23,61,11
-23,61,12
-23,61,12
-23,61,12
-23,61,12
-23,62,12
-23,61,12
-23,61,12
-23,61,12
-23,61,12
-23,61,12
-23,62,12
-22,62,12
-23,61,11
-22,61,12
-22,61,12
-23,61,12
-23,61,12
-22,61,12
-23,61,12
-23,61,12
-23,61,12
-23,61,12
-23,61,12
-22,61,11
-25,62,12
-22,61,11
-22,61,12
-22,61,12
-22,61,12
-22,62,12
-22,61,12
-22,61,12
-22,60,12
-22,61,12
-22,61,12
-23,61,12
-23,61,12
-23,61,12
-23,61,12
-23,61,12
-23,61,12
-22,61,12
-22,61,12
-22,61,12
-22,61,12
-22,61,12
-23,61,12
-23,61,12
-23,61,12
-23,61,10
-23,62,12
-22,61,13
-23,61,12
-23,60,11
-22,61,11
-23,61,11
-22,61,12
-22,62,12
-22,61,12
-23,61,11
-22,61,12
-22,61,12
-23,61,12
-23,61,12
-23,61,12
-23,61,12
-24,61,12
-23,61,12
-23,61,12
-23,61,11
-23,61,11
-24,61,11
-23,61,12
-24,61,12
-23,62,11
-23,62,12
-23,61,12
-23,62,11
-23,61,11
-22,61,11
-22,62,11
-22,61,11
-22,61,11
-22,61,11
-23,61,10
-23,61,11
-23,61,11
-24,61,11
-24,61,11
-24,61,11
-25,61,11
-24,59,11
-24,61,11
-25,62,12
-24,62,12
-23,61,13
-24,61,12
-24,61,11
-23,62,10
-24,62,11
-22,61,11
-20,60,12
-21,60,12
-24,60,11
-24,60,11
-23,61,12
-22,61,13
-22,61,13
-23,60,14
-24,60,13
-24,61,13
-24,61,14
-23,60,14
-24,60,13
-24,60,13
-24,60,13
-24,60,12
-24,60,12
-24,61,13
-23,61,13
-23,60,13
-24,61,13
-24,61,13
-24,61,13
-22,61,14
-22,60,14
-23,60,13
-23,60,13
-23,61,13
-23,61,13
-22,61,13
-22,60,13
-23,60,13
-23,60,12
-23,61,13
-23,61,13
-23,61,13
-23,60,13
-23,60,13
-23,60,13
-23,61,13
-24,62,13
-24,61,13
-23,60,13
-24,60,13
-24,60,12
-23,59,13
-23,59,12
-25,61,12
-24,63,13
-23,62,14
-23,59,13
-23,59,14
-24,61,13
-23,62,14
-23,62,15
-23,61,13
-22,61,13
-23,60,14
-23,59,13
-22,59,12
-21,59,13
-24,61,12
-24,60,12
-24,60,12
-24,61,12
-24,61,13
-23,61,13
-23,60,13
-23,61,13
-22,61,13
-22,61,13
-23,62,13
-23,62,12
-22,62,13
-22,61,13
-23,61,13
-23,61,12
-22,61,12
-23,61,13
-23,61,11
-23,61,11
-23,60,11
-23,60,11
-23,61,12
-23,61,12
-23,61,13
-23,61,13
-23,61,13
-23,61,11
-23,61,12
-23,61,11
-23,61,12
-23,61,12
-23,61,13
-22,61,12
-23,62,13
-24,62,12
-23,61,12
-23,61,12
-23,61,12
-22,60,13
-22,60,13
-23,60,13
-23,60,12
-23,60,13
-23,61,14
-23,61,14
-23,60,14
-24,60,14
-23,59,14
-23,60,14
-24,60,14
-23,60,13
-23,61,13
-24,61,12
-24,60,13
-24,60,13
-22,62,15
-22,61,14
-23,60,14
-23,60,14
-23,61,14
-23,60,14
-23,61,14
-22,61,14
-22,60,14
-23,60,14
-24,60,13
-22,60,13
-23,60,13
-24,60,13
-22,60,13
-22,60,13
-24,59,13
-24,59,12
-23,60,12
-22,61,13
-23,61,12
-23,61,12
-22,62,12
-22,61,12
-22,61,12
-22,60,13
-22,61,13
-22,61,13
-22,61,13
-21,62,13
-22,62,14
-22,61,13
-22,61,13
-23,60,12
-23,61,12
-23,61,11
-23,62,12
-23,61,11
-24,61,10
-24,61,10
-23,61,11
-23,61,11
-23,62,11
-23,61,11
-22,61,11
-22,62,11
-23,61,11
-22,62,12
-22,62,12
-21,61,11
-22,61,11
-22,61,10
-22,62,11
-22,62,11
-23,61,11
-23,61,11
-23,61,11
-23,61,11
-23,61,11
-23,61,11
-23,61,11
-23,61,10
-24,61,10
-24,61,10
-23,61,11
-23,61,11
-23,61,11
-23,61,11
-24,61,11
-23,62,11
-23,61,11
-23,60,11
-23,61,11
-23,61,11
-23,61,10
-24,61,10
-23,61,11
-23,61,11
-24,60,11
-24,60,11
-23,62,11
-23,62,11
-24,62,11
-23,62,10
-23,62,10
-22,61,10
-22,61,10
-23,61,10
-22,61,10
-22,61,10
-23,61,10
-23,61,10
-23,62,11
-22,63,12
-21,63,12
-22,61,12
-24,60,11
-24,60,12
-23,59,11
-23,61,12
-25,62,11
-25,62,11
-23,63,11
-23,63,11
-24,59,9
-24,59,9
-24,61,9
-23,62,9
-22,61,9
-21,63,8
-21,62,9
-22,57,7
-22,57,7
-22,62,8
-22,62,11
-22,62,11
-21,63,12
-21,63,13
-23,63,13
-22,62,13
-21,61,13
-22,62,12
-23,62,11
-22,62,11
-22,62,11
-22,61,10
-23,62,10
-23,62,9
-22,62,9
-22,61,9
-23,61,9
-22,61,9
-22,61,9
-22,61,10
-22,62,10
-22,61,11
-21,62,11
-21,61,11
-22,60,11
-22,61,11
-22,61,11
-22,61,11
-21,61,11
-22,62,11
-22,62,10
-22,61,10
-22,62,10
-23,62,10
-23,61,10
-22,61,10
-23,63,10
-23,62,10
-22,61,11
-22,61,10
-22,62,10
-22,61,10
-23,61,10
-22,62,11
-22,62,11
-23,61,11
-22,61,11
-22,61,11
-22,62,10
-22,62,10
-23,62,11
-23,61,10
-22,61,10
-22,61,11
-22,61,10
-22,61,11
-22,62,11
-22,62,11
-22,61,11
-22,61,11
-22,61,10
-22,62,11
-23,62,10
-23,62,11
-21,61,11
-22,61,11
-23,61,11
-23,61,11
-23,62,11
-22,62,11
-22,61,11
-22,61,11
-22,61,10
-22,62,11
-22,61,11
-22,61,11
-22,61,11
-23,61,11
-22,62,11
-23,61,11
-24,62,11
-22,61,12
-22,61,12
-23,62,11
-23,63,11
-22,61,11
-23,61,10
-23,61,11
-23,61,11
-22,61,10
-23,62,10
-23,61,10
-22,61,11
-22,61,10
-22,61,11
-22,61,10
-23,62,11
-22,62,11
-22,61,11
-23,61,10
-22,61,11
-22,62,11
-22,62,11
-22,62,11
-23,61,11
-22,61,11
-22,61,11
-23,62,11
-23,62,11
-22,61,11
-22,61,11
-22,61,11
-23,61,11
-23,61,10
-23,62,11
-23,61,11
-23,61,11
-23,61,11
-23,61,11
-23,61,11
-23,62,11
-23,62,11
-23,62,11
-22,61,11
-21,61,11
-22,61,10
-22,60,10
-22,60,10
-21,61,10
-21,62,10
-22,62,9
-23,62,9
-23,62,9
-23,62,10
-22,62,11
-22,61,12
-23,60,11
-23,62,12
-23,62,11
-23,62,11
-23,62,11
-23,62,11
-23,61,10
-23,61,10
-23,61,10
-24,61,10
-23,61,10
-23,61,10
-23,62,10
-23,62,10
-23,61,11
-22,61,11
-22,62,11
-22,62,11
-22,62,11
-23,61,11
-23,61,11
-22,61,11
-22,62,11
-24,61,10
-23,61,10
-23,62,10
-24,61,10
-23,61,10
-23,62,11
-24,62,11
-23,61,12
-23,61,12
-22,61,13
-22,62,12
-23,61,12
-23,61,12
-23,62,11
-22,61,10
-23,61,11
-23,61,11
-22,61,11
-22,61,10
-23,61,10
-23,61,10
-22,60,11
-22,61,11
-22,61,12
-22,61,12
-23,60,12
-22,61,12
-23,61,12
-23,61,12
-23,61,12
-23,61,12
-23,61,12
-23,61,12
-23,61,12
-23,61,11
-23,61,12
-23,61,11
-23,61,11
-23,61,12
-23,61,11
-22,61,12
-23,61,12
-23,61,12
-23,61,12
-23,61,12
-23,62,12
-23,61,12
-23,61,11
-23,61,11
-22,61,12
-23,61,11
-23,62,11
-22,61,11
-23,61,11
-23,61,11
-23,61,12
-23,61,12
-23,61,11
-23,61,12
-23,61,11
-23,61,11
-23,61,11
-23,61,12
-22,61,11
-23,61,11
-22,61,11
-22,61,11
-23,61,12
-23,61,11
-22,61,12
-23,61,11
-23,61,11
-23,61,11
-23,61,11
-23,62,11
-22,61,11
-23,61,11
-23,61,12
-23,61,11
-22,62,11
-22,62,11
-23,61,11
-23,61,11
-22,61,11
-22,62,12
-23,61,11
-22,62,12
-22,61,11
-22,61,11
-22,61,11
-23,61,11
-22,62,11
-22,61,11
-23,61,11
-22,61,11
-23,62,12
-22,61,11
-22,61,11
-23,62,11
-23,62,11
-22,61,11
-21,61,12
-22,61,12
-21,61,12
-21,61,12
-22,62,12
-22,62,12
-22,61,11
-23,62,11
-23,61,11
-23,61,11
-23,61,11
-22,61,11
-22,61,11
-22,61,11
-22,62,11
-22,62,11
-21,61,12
-22,61,12
-22,61,12
-21,61,12
-22,62,12
-22,61,11
-22,61,11
-23,61,11
-22,61,11
-22,61,11
-23,61,11
-22,61,11
-22,61,12
-22,61,12
-22,62,12
-22,62,12
-22,61,12
-22,61,12
-22,61,12
-22,61,12
-22,62,12
-22,61,12
-22,61,11
-22,61,12
-23,61,11
-22,62,11
-22,61,11
-22,61,11
-22,61,11
-22,62,12
-22,61,12
-21,62,12
-22,62,12
-22,61,12
-22,61,12
-22,61,12
-22,61,12
-22,61,12
-22,61,12
-23,61,11
-23,61,12
-23,61,12
-23,61,11
-23,61,12
-23,62,12
-23,61,12
-22,61,12
-23,61,12
-22,61,12
-22,62,12
-23,61,12
-22,61,12
-22,61,12
-22,61,12
-22,61,12
-23,62,11
-23,61,11
-23,60,11
-23,61,12
-23,61,12
-23,61,11
-23,61,11
-22,61,11
-22,61,12
-23,61,11
-22,61,12
-22,61,12
-23,61,12
-22,61,12
-22,61,12
-23,61,12
-23,60,12
-22,61,12
-22,61,12
-23,61,11
-23,61,11
-22,61,11
-23,61,12
-22,61,12
-22,61,12
-22,61,12
-23,61,13
-23,62,13
-23,62,14
-22,62,14
-23,61,13
-22,61,13
-22,61,13
-22,61,13
-22,60,13
-22,61,12
-22,61,12
-22,60,12
-22,61,12
-22,61,12
-22,60,12
-22,61,12
-22,62,13
-22,61,13
-21,61,13
-22,61,13
-22,61,13
-22,61,13
-22,61,13
-21,61,13
-22,61,13
-23,61,13
-22,61,13
-22,61,13
-23,61,13
-23,60,13
-23,60,13
-23,62,13
-23,62,13
-23,60,13
-23,60,13
-23,61,13
-22,61,13
-22,61,14
-22,61,13
-23,61,13
-21,61,13
-23,61,12
-23,61,13
-21,62,13
-21,61,13
-22,61,12
-22,61,13
-21,60,13
-22,61,13
-22,62,13
-22,62,13
-22,62,13
-21,61,13
-21,61,13
-22,61,13
-22,61,13
-22,61,12
-22,61,13
-22,61,13
-23,61,13
-23,61,13
-23,61,13
-23,60,13
-23,61,13
-23,61,13
-23,61,13
-22,61,14
-22,60,14
-22,61,13
-22,61,13
-22,62,13
-22,61,12
-21,61,12
-22,61,12
-22,61,13
-21,61,13
-21,61,13
-21,61,13
-21,61,13
-21,61,13
-21,61,13
-22,61,13
-22,61,13
-22,61,13
-22,62,13
-22,61,12
-22,60,12
-21,61,12
-22,61,13
-23,61,12
-22,61,13
-22,61,12
-22,61,13
-21,61,13
-22,61,13
-22,61,13
-21,61,13
-22,61,13
-22,61,12
-21,61,12
-22,61,12
-22,61,12
-21,61,12
-21,61,12
-22,61,12
-21,61,12
-21,61,12
-21,61,12
-21,61,13
-22,61,13
-22,62,13
-22,61,13
-22,62,13
-22,61,12
-21,61,12
-22,62,12
-21,61,12
-21,61,12
-21,61,12
-21,61,12
-21,61,12
-21,62,12
-22,61,12
-21,61,12
-22,62,12
-22,62,12
-21,61,13
-21,61,13
-22,62,12
-22,61,12
-21,61,12
-22,62,12
-22,62,12
-21,61,12
-21,61,12
-22,61,12
-22,61,12
-22,61,12
-22,61,12
-22,62,13
-21,61,13
-22,61,12
-21,62,13
-21,61,13
-21,62,12
-21,62,12
-21,62,12
-22,61,12
-21,61,12
-21,61,12
-22,61,12
-21,61,12
-21,61,13
-22,61,12
-22,61,12
-22,61,13
-22,61,13
-22,61,13
-21,62,13
-22,61,12
-21,61,12
-21,62,13
-22,61,12
-21,61,12
-21,62,12
-21,62,12
-21,61,12
-21,61,12
-21,61,12
-22,62,12
-21,62,12
-22,61,12
-22,61,12
-22,62,13
-22,61,13
-22,61,13
-22,62,13
-22,61,13
-22,61,13
-21,61,13
-22,61,13
-22,61,13
-21,61,12
-21,62,12
-22,61,12
-21,61,13
-21,62,13
-21,62,14
-21,60,13
-21,61,13
-22,62,12
-22,61,12
-21,61,12
-22,61,12
-21,61,12
-21,61,13
-22,61,13
-22,61,13
-22,61,13
-22,61,13
-22,61,14
-22,61,13
-22,61,13
-22,61,14
-22,61,13
-22,62,13
-21,61,13
-21,61,13
-22,61,13
-21,61,13
-21,61,13
-22,61,13
-21,61,13
-21,61,13
-22,61,13
-22,61,13
-21,61,13
-22,61,13
-22,61,13
-22,61,13
-22,61,13
-22,61,13
-23,61,13
-22,62,14
-21,62,15
-21,62,14
-22,61,14
-21,60,12
-20,61,12
-21,62,11
-20,62,12
-19,62,13
-19,62,13
-19,62,13
-19,61,14
-20,60,13
-20,60,13
-20,60,12
-23,61,12
-23,62,12
-22,62,14
-23,62,13
-24,61,13
-23,62,13
-23,62,14
-24,62,13
-23,63,14
-22,61,14
-23,60,13
-22,61,13
-22,62,14
-21,62,14
-20,62,15
-21,62,15
-22,61,15
-21,60,15
-21,61,15
-21,62,15
-21,61,15
-20,62,15
-19,62,15
-20,60,15
-19,59,13
-18,60,14
-20,58,14
-20,58,14
-19,58,15
-21,58,15
-23,58,15
-23,59,16
-23,60,17
-24,59,17
-24,61,18
-24,61,18
-25,61,18
-25,61,18
-23,61,18
-23,60,18
-25,60,16
-22,61,17
-21,61,16
-22,61,15
-22,60,16
-21,60,16
-21,59,16
-20,59,16
-21,60,15
-21,60,15
-21,60,15
-20,60,16
-21,60,16
-22,60,16
-21,60,16
-22,59,16
-22,60,16
-22,61,16
-22,61,16
-22,60,16
-22,60,16
-22,61,16
-22,61,16
-23,61,16
-21,59,16
-21,59,16
-21,62,16
-21,59,14
-21,59,14
-21,59,14
-21,60,13
-21,61,14
-22,60,13
-22,61,13
-22,60,15
-22,59,15
-23,61,15
-22,61,15
-23,62,16
-24,63,16
-23,60,17
-24,59,16
-23,61,16
-20,61,15
-21,60,14
-27,60,11
-23,61,12
-21,62,14
-22,61,13
-23,61,13
-25,62,13
-22,61,13
-21,60,12
-23,62,12
-23,60,13
-18,60,14
-17,61,14
-23,60,11
-26,63,12
-24,63,13
-18,62,15
-18,61,14
-24,62,11
-25,61,11
-24,61,11
-22,61,12
-22,60,12
-24,61,12
-25,62,12
-23,62,13
-22,64,14
-22,64,13
-22,63,13
-22,62,13
-19,63,13
-18,61,13
-18,60,11
-20,62,10
-21,61,10
-20,59,10
-19,60,11
-18,61,11
-19,62,11
-20,61,11
-22,62,11
-22,62,11
-21,62,12
-21,62,12
-20,62,11
-21,62,11
-21,62,11
-20,61,11
-20,62,11
-20,62,11
-20,62,11
-20,62,11
-20,62,11
-20,62,11
-20,62,11
-20,61,11
-20,61,11
-20,62,11
-20,63,11
-20,62,11
-20,62,11
-21,62,11
-20,63,11
-20,62,11
-20,62,11
-20,62,11
-20,63,11
-20,63,11
-20,63,11
-20,62,11
-20,62,11
-20,62,11
-20,62,10
-20,62,10
-20,62,10
-20,62,10
-21,61,10
-21,61,10
-21,62,11
-21,62,11
-22,62,11
-21,62,11
-21,62,11
-21,61,11
-21,62,11
-21,62,11
-21,62,11
-21,62,11
-21,61,11
-21,62,10
-21,62,11
-21,62,11
-21,62,11
-21,62,11
-21,62,11
-21,62,11
-21,62,11
-21,62,11
-22,62,11
-21,62,11
-21,61,11
-22,62,11
-21,62,11
-21,62,11
-22,61,11
-22,61,11
-22,61,10
-22,62,11
-22,62,11
-22,62,11
-22,61,11
-21,62,11
-22,62,10
-21,61,11
-21,62,11
-22,61,11
-22,62,11
-22,62,11
-22,62,11
-22,62,11
-21,62,11
-21,62,10
-22,62,11
-21,62,10
-21,62,11
-21,62,11
-21,62,10
-21,62,11
-21,62,11
-21,62,11
-22,62,11
-21,63,11
-21,62,11
-21,62,10
-21,61,11
-21,62,10
-22,62,11
-21,62,11
-22,62,11
-22,63,12
-21,62,12
-21,62,12
-21,61,11
-21,60,11
-21,61,11
-21,61,11
-21,61,10
-21,61,10
-21,61,10
-21,60,10
-21,61,10
-22,62,10
-22,61,11
-22,62,11
-22,62,12
-22,61,12
-22,62,12
-22,62,12
-22,61,12
-22,62,12
-22,62,12
-22,62,12
-21,62,11
-22,61,11
-22,61,11
-21,61,11
-22,62,10
-21,61,11
-22,62,10
-21,62,10
-21,60,11
-23,61,10
-22,62,11
-22,62,11
-22,63,11
-22,64,12
-21,61,13
-22,60,12
-24,58,12
-23,58,12
-19,59,12
-20,61,11
-24,63,10
-23,61,9
-22,61,10
-22,61,10
-22,62,10
-22,62,10
-25,63,10
-24,63,10
-23,61,12
-25,61,13
-22,62,16
-19,62,16
-18,64,14
-21,64,11
-22,61,10
-22,61,9
-20,60,10
-19,58,9
-21,58,9
-22,57,16
-26,59,16
-26,60,17
-25,62,18
-25,62,17
-27,62,14
-25,61,14
-25,61,13
-25,61,12
-25,60,11
-25,59,11
-25,58,11
-25,60,12
-23,60,14
-24,59,14
-24,60,14
-24,59,15
-23,60,15
-23,60,16
-23,60,16
-23,60,16
-22,60,16
-22,59,16
-23,59,15
-22,59,15
-23,59,15
-23,60,15
-23,61,15
-23,61,15
-22,59,16
-23,59,18
-25,59,20
-26,62,21
-24,61,22
-24,61,20
-24,60,19
-24,60,17
-23,59,16
-24,59,15
-25,60,14
-24,58,14
-23,58,16
-24,59,16
-24,58,17
-24,56,17
-24,57,17
-22,58,17
-22,58,17
-25,58,16
-26,58,17
-22,57,19
-21,59,19
-22,60,19
-24,61,18
-24,59,18
-24,59,19
-22,57,19
-22,57,19
-23,59,18
-23,59,16
-24,61,17
-25,60,16
-25,59,18
-22,59,18
-23,60,17
-25,61,18
-25,60,17
-24,59,17
-24,60,17
-24,59,16
-25,60,15
-25,60,15
-25,59,15
-25,58,15
-24,58,15
-25,60,14
-25,61,14
-24,60,15
-25,59,14
-24,59,15
-22,59,16
-24,60,16
-25,61,15
-24,60,16
-23,60,16
-23,60,16
-23,60,16
-23,59,16
-24,60,15
-22,60,15
-22,59,15
-24,60,14
-24,60,14
-23,60,14
-24,59,14
-24,61,14
-23,59,15
-23,59,15
-23,61,15
-23,61,15
-23,61,15
-22,60,16
-22,60,15
-21,60,16
-21,60,15
-22,60,15
-24,59,14
-24,59,14
-22,60,15
-22,60,15
-24,61,14
-24,61,14
-24,61,13
-23,61,13
-23,61,13
-23,60,13
-23,61,14
-22,61,14
-23,61,14
-23,61,14
-22,60,15
-22,59,14
-23,61,14
-23,61,13
-24,60,13
-23,60,14
-23,60,14
-23,60,14
-24,60,14
-25,61,14
-24,61,14
-23,61,14
-23,60,14
-24,60,14
-22,61,14
-22,60,14
-23,60,14
-23,60,14
-22,60,14
-23,60,14
-24,61,14
-24,61,14
-23,60,14
-23,60,14
-22,61,14
-23,62,14
-24,60,14
-24,60,14
-22,60,14
-22,60,14
-22,60,14
-22,61,13
-22,61,14
-23,61,14
-23,61,14
-23,60,15
-23,61,15
-22,61,15
-23,61,14
-24,61,14
-23,61,14
-22,61,14
-21,60,14
-22,61,14
-22,61,13
-22,60,14
-22,60,14
-21,60,14
-21,62,13
-22,61,13
-22,59,14
-22,60,14
-19,61,15
-20,61,15
-22,63,14
-21,61,13
-23,59,13
-25,58,13
-23,59,13
-21,64,16
-21,65,14
-22,62,13
-26,62,13
-24,62,14
-18,59,13
-18,58,13
-26,59,11
-24,62,13
-21,64,15
-17,64,16
-19,62,14
-24,59,11
-25,58,10
-26,58,7
-19,60,15
-20,60,17
-23,63,15
-23,63,16
-22,63,18
-22,61,16
-22,60,13
-23,60,10
-18,60,12
-19,61,15
-19,62,16
-20,63,13
-23,63,7
-25,62,6
-17,58,14
-18,59,16
-21,61,15
-22,61,14
-20,61,16
-22,62,13
-23,61,11
-21,61,15
-21,61,16
-23,61,15
-23,62,11
-24,62,10
-21,61,13
-21,61,13
-23,59,13
-22,62,16
-23,61,16
-22,60,15
-21,61,14
-23,61,9
-22,60,9
-21,60,11
-21,61,14
-22,61,14
-22,61,14
-21,62,17
-21,62,17
-22,62,14
-21,60,15
-20,61,14
-22,62,11
-21,61,10
-20,61,12
-21,61,14
-22,61,14
-23,61,14
-22,61,13
-21,61,13
-21,61,14
-23,61,13
-22,61,14
-22,61,14
-22,61,13
-22,61,13
-22,61,13
-20,61,13
-23,61,11
-21,61,13
-21,61,13
-22,61,12
-21,61,13
-20,62,13
-21,61,13
-21,61,13
-21,62,13
-21,61,13
-21,61,13
-22,61,12
-21,61,13
-21,62,13
-22,63,11
-23,63,11
-21,62,11
-21,62,11
-23,59,10
-24,58,10
-23,60,10
-22,63,10
-23,64,10
-23,66,9
-23,67,10
-22,63,11
-22,61,11
-23,61,12
-21,58,14
-21,57,14
-21,58,15
-22,59,15
-22,62,15
-22,62,16
-22,61,16
-21,59,13
-22,60,12
-22,64,11
-22,64,11
-21,63,12
-21,62,13
-21,60,13
-22,59,13
-22,59,13
-22,61,14
-22,61,14
-22,60,14
-23,61,13
-23,61,13
-23,59,13
-24,60,13
-23,62,14
-23,60,13
-23,59,13
-24,62,13
-23,62,13
-23,59,14
-23,59,13
-23,61,11
-22,60,11
-21,61,12
-22,61,12
-23,60,11
-22,59,10
-22,61,11
-23,62,11
-24,60,11
-25,60,11
-23,62,13
-23,62,13
-24,61,13
-23,62,13
-22,62,13
-22,62,12
-22,63,12
-21,62,12
-21,62,13
-21,63,13
-21,61,10
-21,61,10
-20,62,11
-20,62,11
-19,61,12
-20,61,13
-21,60,13
-22,62,13
-22,62,13
-22,61,13
-22,60,12
-22,60,12
-23,61,11
-23,61,11
-22,62,11
-22,62,12
-22,63,14
-23,62,13
-22,62,12
-20,60,13
-20,60,14
-20,61,13
-19,62,13
-20,63,13
-19,60,15
-19,59,13
-21,60,11
-22,61,11
-21,62,14
-21,61,14
-23,61,11
-22,62,11
-22,61,12
-24,62,11
-23,62,11
-22,62,12
-22,61,12
-23,61,12
-22,60,12
-22,61,12
-21,63,12
-21,62,12
-21,61,11
-21,62,11
-21,62,11
-21,62,11
-22,62,11
-22,61,11
-22,61,12
-22,62,12
-23,61,12
-22,61,11
-21,60,11
-23,63,11
-23,58,14
-23,63,15
-24,62,15
-25,52,11
-26,64,10
-25,64,14
-26,61,14
-27,64,16
-21,52,13
-29,66,10
-33,63,9
-31,55,10
-28,57,12
-27,54,13
-29,53,12
-29,55,13
-30,56,13
-30,55,13
-30,55,13
-31,55,13
-32,55,14
-32,56,14
-32,57,14
-32,57,14
-34,57,13
-33,57,13
-30,57,14
-28,56,13
-27,57,13
-27,58,12
-26,58,11
-26,59,11
-28,59,11
-28,60,11
-29,61,11
-27,62,12
-21,62,15
-22,63,14
-23,63,15
-19,62,15
-20,62,14
-21,62,14
-20,61,13
-32,60,7
-19,61,14
-14,60,16
-19,61,14
-21,61,13
-18,61,16
-16,61,17
-15,60,17
-21,61,15
-21,61,14
-19,61,16
-18,61,16
-22,62,13
-25,61,11
-25,62,11
-21,61,12
-21,61,12
-22,62,12
-22,62,12
-20,62,12
-22,61,11
-23,61,11
-20,61,12
-19,61,12
-26,62,10
-23,62,12
-18,60,14
-21,60,12
-24,60,11
-23,61,12
-20,63,13
-20,64,12
-22,65,11
-22,63,11
-20,60,11
-20,59,11
-24,61,10
-26,61,9
-23,62,11
-20,62,13
-22,62,12
-24,62,11
-25,62,11
-24,62,11
-22,62,12
-21,62,12
-22,63,11
-22,63,11
-21,61,12
-26,60,9
-24,60,11
-18,61,14
-18,62,15
-20,61,13
-20,60,14
-19,59,14
-19,59,13
-20,62,13
-23,61,11
-25,61,10
-22,62,12
-19,62,13
-16,61,14
-18,62,14
-24,63,11
-22,61,12
-20,61,13
-19,62,13
-19,62,13
-20,61,13
-20,61,13
-20,61,13
-21,61,13
-21,61,13
-22,62,13
-21,62,14
-20,60,14
-22,61,13
-22,61,13
-22,61,14
-22,61,13
-23,62,13
-21,62,13
-21,61,13
-23,61,12
-23,62,13
-23,60,12
-21,60,14
-19,61,15
-21,62,15
-22,63,15
-23,62,16
-23,61,17
-22,62,18
-23,64,15
-34,66,17
-29,66,20
-28,63,17
-27,57,16
-31,62,17
-32,61,26
-34,53,27
-32,43,30
-35,48,32
-38,44,28
-33,48,29
-29,42,36
-15,50,48
-25,28,43
-30,43,42
-10,38,47
-17,37,48
-18,32,52
-23,28,51
-19,26,51
-16,22,50
-13,22,51
-16,22,54
-16,21,55
-11,21,55
-12,22,54
-11,20,53
-10,21,54
-13,21,55
-15,24,58
-13,23,57
-15,25,57
-14,23,57
-12,20,58
-10,25,59
-18,18,56
-14,27,58
-16,22,56
-6,23,59
-12,20,58
-12,20,58
-15,21,57
-11,20,57
-11,17,57
-16,16,55
-14,21,54
-14,18,58
-14,20,58
-11,22,55
-14,22,55
-15,25,56
-15,18,55
-17,21,56
-18,21,56
-18,21,57
-14,21,60
-21,18,59
-23,17,56
-18,18,60
-15,14,61
-15,24,59
-24,22,55
-22,16,57
-15,16,58
-16,19,55
-12,22,56
-22,18,57
-17,18,59
-16,18,60
-21,23,58
-26,16,56
-20,17,57
-21,20,58
-21,17,58
-21,15,57
-16,20,59
-13,19,61
-19,18,58
-19,16,57
-18,19,56
-17,17,58
-20,19,58
-20,19,57
-19,18,57
-18,16,57
-18,15,56
-12,17,59
-15,17,58
-19,16,57
-24,18,62
-16,23,66
-24,11,61
-23,9,59
-12,23,53
-14,15,61
-19,14,62
-13,17,59
-13,16,57
-16,16,60
-18,13,60
-19,13,58
-16,12,57
-14,19,59
-16,13,59
-17,13,57
-15,15,58
-17,14,59
-17,17,60
-16,14,58
-19,14,57
-17,12,57
-16,14,58
-18,12,59
-20,13,59
-15,15,61
-15,16,60
-16,12,60
-15,14,60
-16,16,59
-20,15,59
-16,13,60
-17,13,58
-16,13,59
-16,12,59
-15,13,60
-17,12,60
-16,13,60
-15,11,59
-16,14,60
-15,11,59
-17,11,58
-17,10,60
-11,13,61
-16,11,58
-16,13,60
-15,11,58
-12,14,63
-15,11,59
-13,13,57
-16,9,58
-15,8,59
-14,15,60
-6,19,62
-7,11,61
-12,16,56
-10,17,57
-15,14,57
-14,12,58
-7,16,64
-5,17,61
-6,18,61
-10,14,60
-11,12,64
-13,16,61
-15,14,61
-8,16,59
-10,17,59
-9,15,60
-10,15,59
-10,17,60
-11,15,61
-12,16,59
-11,14,60
-6,15,62
-10,14,60
-12,15,59
-11,15,60
-7,13,59
-11,15,58
-12,15,59
-11,15,61
-10,15,61
-11,14,59
-13,14,60
-9,15,61
-10,13,60
-11,14,60
-11,14,60
-11,14,60
-9,14,61
-10,13,60
-10,17,60
-8,13,62
-8,16,61
